Date,Close,대비,등락률,Open,High,Low,Volume,거래대금,시가총액,상장주식수,RSI,RSI_9,OBV,MA5,MA20,MA60,OBV_20
2023-05-02,2230,38,1.75,2192,2230,2149,26421,68019165,24340903775,9308185,,,0,,,,
2023-05-03,2260,30,1.34,2230,2286,2230,32147,85109550,24666690250,9308185,,,32147,,,,
2023-05-04,2269,9,0.38,2260,2273,2235,21550,57042165,24759772100,9308185,,,53697,,,,
2023-05-08,2247,-22,-0.94,2269,2303,2247,19019,50711500,24527067475,9308185,,,34678,,,,
2023-05-09,2217,-30,-1.33,2252,2252,2183,28770,75119415,24201281000,9308185,,,5908,2244.6,,,
2023-05-10,2239,22,0.96,2222,2243,2209,21462,55947085,24433985625,9308185,,,27370,2246.4,,,
2023-05-11,2264,25,1.14,2243,2281,2243,17222,45693450,24713231175,9308185,,,44592,2247.2,,,
2023-05-12,2405,141,6.21,2281,2495,2281,174811,489749380,26249081700,9308185,,,219403,2274.4,,,
2023-05-15,2439,34,1.42,2384,2546,2384,84203,243101360,26621409100,9308185,,83.38658146964856,303606,2312.8,,,
2023-05-16,2196,-243,-9.97,2345,2367,2179,112700,296604895,23968576375,9308185,,46.94244604316547,190906,2308.6,,,
2023-05-17,2213,17,0.78,2196,2217,2132,50546,128195705,24154740075,9308185,,45.67219152854512,241452,2303.4,,,
2023-05-18,2243,30,1.35,2260,2260,2217,24488,64224690,24480526550,9308185,,47.69503546099291,265940,2299.2,,,
2023-05-19,2243,0,0.0,2264,2264,2230,24542,64755720,24480526550,9308185,,49.6309963099631,265940,2266.8,,,
2023-05-22,2260,17,0.76,2243,2264,2239,9578,25306085,24666690250,9308185,52.41935483870967,54.06427221172023,275518,2231.0,,,
2023-05-23,2303,43,1.89,2273,2307,2260,12291,33000500,25132099500,9308185,55.505279034690794,55.81818181818182,287809,2252.4,,,
2023-05-24,2316,13,0.56,2290,2333,2286,24500,66271040,25271722275,9308185,54.33436532507739,54.832713754646846,312309,2273.0,,,
2023-05-25,2307,-9,-0.37,2345,2345,2303,11594,31520610,25178640425,9308185,52.94117647058823,37.93103448275862,300715,2285.8,,,
2023-05-26,2294,-13,-0.55,2307,2345,2273,28386,76650325,25039017650,9308185,53.68916797488226,31.168831168831176,272329,2296.0,,,
2023-05-30,2290,-4,-0.19,2294,2345,2256,26977,73000815,24992476725,9308185,55.97381342062193,82.1917808219178,245352,2302.0,,,
2023-05-31,2277,-13,-0.56,2298,2341,2269,45080,121043825,24852853950,9308185,53.15614617940199,72.53521126760563,200272,2296.8,2275.6,,178997.15
2023-06-01,2311,34,1.5,2277,2316,2252,28646,76803960,25225181350,9308185,53.846153846153854,73.28767123287672,228918,2295.8,2279.65,,190443.05
2023-06-02,2669,358,15.5,2311,3002,2294,8396490,27709648925,29134619050,9308185,65.94202898550725,92.26190476190476,8625408,2368.2,2300.1,,620106.1
2023-06-05,2644,-25,-0.96,2627,2977,2567,1919876,6196637930,28855373500,9308185,62.51526251526251,87.5,6705532,2438.2,2318.85,,952697.85
2023-06-07,2601,-43,-1.61,2644,2652,2533,336523,1020464390,28389964250,9308185,82.7140549273021,79.1015625,6369009,2500.4,2336.55,,1269414.4
2023-06-08,2516,-85,-3.28,2597,2597,2482,205287,604534370,27459145750,9308185,72.05240174672488,67.12328767123287,6163722,2548.2,2351.5,,1577305.1
2023-06-09,2533,17,0.68,2516,2618,2469,169505,501925755,27645309450,9308185,71.513353115727,69.08783783783784,6333227,2592.6,2366.2,,1892597.95
2023-06-12,2525,-8,-0.34,2529,2529,2452,77475,227256730,27552227600,9308185,70.67448680351906,69.6763202725724,6255752,2563.8,2379.25,,2203155.95
2023-06-13,2563,38,1.52,2550,2610,2512,141982,425660720,27971095925,9308185,71.55049786628734,71.98067632850241,6397734,2547.6,2387.15,,2512072.5
2023-06-14,2482,-81,-3.16,2563,2563,2482,77194,226601475,27086818350,9308185,62.07827260458839,64.87663280116111,6320540,2523.8,2389.3,,2812919.2
2023-06-15,2567,85,3.44,2482,2627,2482,154897,464618585,28017636850,9308185,65.43665436654366,67.29729729729729,6475437,2534.0,2407.85,,3127145.75
2023-06-16,2576,9,0.33,2588,2729,2516,214695,655360535,28110718700,9308185,66.54366543665438,38.1074168797954,6690132,2542.6,2426.0,,3449579.75
2023-06-19,2567,-9,-0.33,2576,2593,2499,61240,182190445,28017636850,9308185,66.87268232385662,39.733333333333334,6628892,2551.0,2442.2,,3767727.35
2023-06-20,2529,-38,-1.5,2635,2802,2512,827843,2581609280,27598768525,9308185,64.17556346381969,40.270270270270274,5801049,2544.2,2456.5,,4044482.8
2023-06-21,2567,38,1.52,2507,2567,2482,70611,209672555,28017636850,9308185,66.70506912442397,57.89473684210526,5871660,2561.2,2471.85,,4324289.9
2023-06-22,2550,-17,-0.66,2533,2657,2533,132094,401670260,27831473150,9308185,64.04230317273795,52.631578947368425,5739566,2557.8,2484.2,,4596877.75
2023-06-23,2563,13,0.5,2546,2580,2499,58766,174180640,27971095925,9308185,39.52569169960474,55.79268292682927,5798332,2555.2,2496.55,,4871178.9
2023-06-26,2627,64,2.5,2571,2661,2554,174146,533552895,28669209800,9308185,48.440366972477065,59.03954802259887,5972478,2567.2,2512.55,,5154767.05
2023-06-27,2610,-17,-0.65,2652,2725,2588,302800,945707940,28483046100,9308185,50.86705202312138,72.06896551724138,5669678,2583.4,2528.35,,5424634.5
2023-06-28,2674,64,2.45,2610,2776,2610,528155,1673242520,29181159975,9308185,65.86345381526104,69.88847583643123,6197833,2604.8,2547.55,,5722258.55
2023-06-29,2593,-81,-3.03,2661,2665,2576,170351,519971935,28296882400,9308185,55.33807829181495,52.49266862170088,6027482,2613.4,2563.35,,6013619.05
2023-06-30,2461,-132,-5.1,2593,2606,2431,138385,402769740,26854113725,9308185,45.335276967930035,38.57758620689655,5889097,2593.0,2570.85,,6296628.0
2023-07-03,2507,46,1.91,2465,2520,2439,43630,126835275,27366063900,9308185,45.96541786743516,47.66949152542373,5932727,2569.0,2562.75,,6161993.95
2023-07-04,2469,-38,-1.53,2546,2546,2405,70244,201685185,26947195575,9308185,49.00153609831029,39.61864406779661,5862483,2540.8,2554.0,,6119841.5
2023-07-05,2380,-89,-3.63,2495,2495,2333,81501,229405350,25969836150,9308185,35.72519083969466,34.375,5780982,2482.0,2542.95,,6090440.15
2023-07-06,2341,-39,-1.61,2380,2439,2290,70046,190348370,25550967825,9308185,32.846715328467155,30.526315789473685,5710936,2431.6,2534.2,,6067800.85
2023-07-07,2362,21,0.91,2286,2409,2252,47895,130096665,25783672450,9308185,35.294117647058826,24.857685009487668,5758831,2411.8,2525.65,,6039081.05
2023-07-10,2320,-42,-1.81,2362,2362,2290,37579,101546235,25318263200,9308185,35.092724679029956,23.731884057971016,5721252,2374.4,2515.4,,6012356.05
2023-07-11,2311,-9,-0.37,2324,2337,2294,44539,120564830,25225181350,9308185,30.95238095238095,13.48088531187122,5676713,2342.8,2502.8,,5976305.0
2023-07-12,2320,9,0.37,2316,2362,2298,35985,97584740,25318263200,9308185,32.68072289156626,17.882352941176478,5712698,2330.8,2494.7,,5945912.9
2023-07-13,2362,42,1.84,2320,2405,2311,30572,83819060,25783672450,9308185,35.497835497835496,35.223880597014926,5743270,2335.0,2484.45,,5909304.55
2023-07-14,2307,-55,-2.35,2362,2362,2298,42266,114896335,25178640425,9308185,26.608187134502927,20.930232558139537,5701004,2324.0,2471.0,,5859848.15
2023-07-17,2311,4,0.18,2397,2397,2230,56387,151907620,25225181350,9308185,27.719821162444106,24.516129032258064,5757391,2322.2,2458.2,,5816273.1
2023-07-18,2226,-85,-3.69,2316,2333,2226,43012,114019500,24294362850,9308185,17.630057803468205,24.83660130718954,5714379,2305.2,2443.05,,5811939.6
2023-07-19,2239,13,0.57,2230,2239,2188,26743,69468160,24433985625,9308185,21.634615384615387,31.785714285714292,5741122,2289.0,2426.65,,5805412.7
2023-07-20,2281,42,1.9,2226,2294,2213,19080,50349800,24899394875,9308185,33.14606741573034,36.54485049833886,5760202,2272.8,2413.2,,5806444.5
2023-07-21,2243,-38,-1.68,2260,2260,2226,18523,48731160,24480526550,9308185,24.90494296577947,37.03703703703703,5741679,2260.0,2397.2,,5803611.85
2023-07-24,2090,-153,-6.84,2235,2235,2081,98788,245130770,22805053250,9308185,20.436817472698905,24.94331065759637,5642891,2215.8,2370.35,,5787132.5
2023-07-25,2026,-64,-3.06,2102,2119,1991,44082,105687775,22106939375,9308185,21.266233766233768,20.36290322580645,5598809,2175.8,2341.15,,5783589.05
2023-07-26,1846,-180,-8.84,2026,2026,1834,126218,279594170,20152220525,9308185,17.305151915455752,9.305993690851736,5472591,2097.2,2299.75,,5747326.95
2023-07-27,1927,81,4.39,1846,1940,1846,34007,75244855,21036498100,9308185,23.378212974296204,21.212121212121204,5506598,2026.4,2266.45,2368.4666666666667,5721282.75
2023-07-28,1957,30,1.55,1936,1987,1936,28263,64947375,21362284575,9308185,27.453416149068318,24.198250728862973,5534861,1969.2,2241.25,2363.9166666666665,5703570.95
2023-07-31,1966,9,0.44,2013,2013,1936,33585,77264235,21455366425,9308185,28.57142857142857,28.688524590163922,5568446,1944.4,2214.2,2359.016666666667,5685356.9
2023-08-01,2043,77,3.9,1991,2043,1974,27212,63598690,22293103075,9308185,34.13516609392897,35.459940652818986,5595658,1947.8,2192.9,2355.25,5672015.65
2023-08-02,2060,17,0.84,2102,2102,2060,29745,72141075,22479266775,9308185,32.19339622641509,32.973805855161785,5625403,1990.6,2176.9,2352.133333333333,5664236.7
2023-08-03,2260,200,9.73,2060,2559,2017,1419077,3872264610,24666690250,9308185,47.63343403826787,51.04808877928484,7044480,2057.2,2172.85,2352.85,5730913.9
2023-08-04,2132,-128,-5.66,2115,2183,2017,367355,896291760,23270462500,9308185,41.98746642793196,52.671755725190835,6677125,2092.2,2161.35,2351.0666666666666,5776828.6
2023-08-07,2307,175,8.2,2132,2418,2115,391871,1052554375,25178640425,9308185,53.355426677713346,65.6633221850613,7068996,2160.4,2160.7,2351.7833333333333,5844215.8
2023-08-08,2171,-136,-5.91,2281,2499,2171,542329,1478747970,23689330825,9308185,47.44360902255639,69.05041031652989,6526667,2186.0,2153.7,2347.883333333333,5886713.5
2023-08-09,2239,68,3.14,2239,2345,2162,123447,321360695,24433985625,9308185,48.45132743362832,68.57142857142857,6650114,2221.8,2149.65,2344.55,5933584.3
2023-08-10,2239,0,0.0,2256,2294,2175,74913,196459165,24433985625,9308185,49.84825493171472,67.40740740740742,6650114,2217.6,2143.5,2345.266666666667,5978926.5
2023-08-11,2222,-17,-0.76,2286,2286,2200,42799,112258475,24247821925,9308185,55.58375634517767,65.6479217603912,6607315,2235.6,2139.25,2345.4166666666665,6024242.05
2023-08-14,2256,34,1.54,2235,2350,2230,89563,240536035,24620149325,9308185,59.982638888888886,63.74193548387097,6696878,2225.4,2136.5,2345.633333333333,6071216.4
2023-08-16,2217,-39,-1.7,2256,2341,2217,109394,290856455,24201281000,9308185,68.34817012858556,59.849435382685066,6587484,2234.6,2136.05,2345.2,6114871.65
2023-08-17,2047,-170,-7.69,2196,2196,1898,120497,287397925,22339644000,9308185,55.45454545454546,36.11473272490221,6466987,2196.2,2126.45,2341.65,6151164.9
2023-08-18,1979,-68,-3.33,2047,2047,1945,47392,109803650,21594989200,9308185,50.96660808435853,39.17963224893918,6419595,2144.2,2111.35,2336.25,6184134.55
2023-08-21,1945,-34,-1.72,1966,2038,1919,25453,58843330,21222661800,9308185,49.09716251074806,18.021201413427562,6394142,2088.8,2096.45,2330.0666666666666,6216757.7
2023-08-22,2000,55,2.85,2077,2077,1936,30093,69884410,21827693825,9308185,48.115687992988605,32.371134020618555,6424235,2037.6,2091.95,2324.95,6255824.9
2023-08-23,2597,597,29.85,2017,2597,1996,1559372,4469004510,28343423325,9308185,65.60139453805927,67.65285996055226,7983607,2113.6,2120.5,2330.0,6375064.8
2023-08-24,2435,-162,-6.24,3023,3070,2320,3776512,11883626610,26574868175,9308185,55.19904931669638,58.33333333333334,4207095,2191.2,2149.95,2332.4166666666665,6311790.0
2023-08-25,2294,-141,-5.78,2507,2525,2230,513344,1407527330,25039017650,9308185,54.775943396226424,52.769230769230774,3693751,2254.2,2168.3,2332.7,6221147.65
2023-08-28,2380,86,3.72,2294,2490,2217,496227,1353868555,25969836150,9308185,52.2713130056005,54.58579881656805,4189978,2341.2,2189.45,2333.85,6153903.5
2023-08-29,2384,4,0.18,2439,2900,2286,2306103,7074953460,26016377075,9308185,57.22033898305085,56.34016704631738,6496081,2418.0,2210.35,2329.1,6200285.25
2023-08-30,2316,-68,-2.86,2414,2414,2307,215082,592452800,25271722275,9308185,52.610169491525426,61.06995884773662,6280999,2361.8,2224.0,2323.633333333333,6234552.3
2023-08-31,2281,-35,-1.47,2316,2431,2239,143529,388132825,24899394875,9308185,51.390728476821195,62.77495769881557,6137470,2331.0,2235.05,2318.3,6260155.65
2023-09-01,2132,-149,-6.54,2294,2294,2119,144515,375446830,23270462500,9308185,47.25943970767357,57.208943716268315,5992955,2298.6,2228.65,2311.9,6207579.4
2023-09-04,2217,85,4.0,2154,2230,2115,76601,195261070,24201281000,9308185,48.84819846426462,58.176337603617185,6069556,2266.0,2232.9,2306.633333333333,6177200.95
2023-09-05,2183,-34,-1.54,2230,2286,2162,110256,287175880,23828953600,9308185,48.99289099526066,22.905759162303667,5959300,2225.8,2226.7,2300.9333333333334,6121716.15
2023-09-06,2166,-17,-0.78,2286,2286,2162,37933,97930410,23642789900,9308185,53.876221498371336,28.271405492730196,5921367,2195.8,2226.45,2294.3166666666666,6091451.15
2023-09-07,2145,-21,-0.98,2217,2217,2102,47745,119541735,23410085275,9308185,55.577956989247305,35.07014028056112,5873622,2168.6,2221.75,2288.7,6052626.55
2023-09-08,2154,9,0.4,2124,2158,2081,58351,143863395,23503167125,9308185,57.142857142857146,23.222748815165872,5931973,2173.0,2217.5,2281.8166666666666,6016719.5
2023-09-11,2141,-13,-0.59,2205,2205,2115,36669,91971830,23363544350,9308185,54.9612948627727,21.809744779582374,5895304,2157.8,2213.45,2274.5666666666666,5981118.95
2023-09-12,2107,-34,-1.59,2145,2209,2094,76529,193151340,22991216950,9308185,21.44522144522145,23.677581863979853,5818775,2142.6,2206.0,2266.9,5937213.8
2023-09-13,2060,-47,-2.23,2107,2162,2055,48214,117617840,22479266775,9308185,24.764468371467018,22.98288508557458,5770561,2121.4,2198.15,2259.0833333333335,5896367.65
2023-09-14,2081,21,1.04,2128,2128,2060,23826,58238855,22711971400,9308185,32.90529695024077,40.9252669039146,5794387,2108.6,2199.85,2250.983333333333,5862737.65
2023-09-15,2072,-9,-0.41,2141,2145,2064,26215,64439740,22618889550,9308185,21.794871794871796,14.63414634146342,5768172,2092.2,2204.5,2243.016666666667,5830166.5
2023-09-18,2043,-29,-1.44,2072,2124,2043,40689,97938315,22293103075,9308185,20.140105078809114,15.0,5727483,2072.6,2209.4,2234.35,5796833.55
2023-09-19,2043,0,0.0,2026,2141,2004,117440,283557170,22293103075,9308185,22.86282306163021,16.393442622950815,5727483,2059.8,2211.55,2224.616666666667,5761995.95
2023-09-20,2094,51,2.51,2043,2145,2009,83616,205318380,22851594175,9308185,31.984585741811173,38.02816901408451,5811099,2066.6,2186.4,2216.016666666667,5653370.55
2023-09-21,2013,-81,-3.87,2136,2136,1957,85944,201248365,21967316600,9308185,36.807095343680714,25.263157894736835,5725155,2053.0,2165.3,2205.0,5729273.55
2023-09-22,2013,0,0.0,2013,2013,1940,70151,161163935,21967316600,9308185,22.131147540983605,26.470588235294116,5725155,2041.2,2151.25,2195.3333333333335,5830843.75
2023-09-25,1893,-120,-5.93,2013,2030,1872,60679,137898985,20664170700,9308185,17.92035398230088,20.111731843575413,5664476,2011.2,2126.9,2185.866666666667,5904568.65
2023-09-26,1834,-59,-3.15,1893,1979,1834,66258,144835200,20012597750,9308185,16.39676113360325,19.459459459459467,5598218,1969.4,2099.4,2174.65,5859675.5
2023-09-27,1910,76,4.19,1851,1957,1851,18866,41750915,20850334400,9308185,28.597449908925313,29.882352941176464,5617084,1932.6,2079.1,2165.3333333333335,5826479.75
2023-10-04,1919,9,0.45,1923,2017,1910,69964,159707380,20943416250,9308185,28.597449908925313,32.0,5687048,1913.8,2061.0,2157.65,5803958.65
2023-10-05,1872,-47,-2.44,1902,1936,1851,29467,65221000,20431466075,9308185,26.92967409948541,30.699774266365694,5657581,1885.6,2048.0,2149.8333333333335,5787189.95
2023-10-06,2431,559,29.84,1889,2431,1872,664145,1780640290,26528327250,9308185,64.62093862815885,69.36127744510978,6321726,1993.2,2058.7,2150.983333333333,5799798.45
2023-10-10,2350,-81,-3.33,2640,2768,2145,3500863,10079179325,25644049675,9308185,62.69702276707531,62.4031007751938,2820863,2096.4,2067.05,2151.483333333333,5642876.6
2023-10-11,2362,12,0.54,2303,2362,2230,573185,1544893275,25783672450,9308185,62.40070609002648,68.12045690550363,3394048,2186.8,2076.85,2152.3333333333335,5516510.65
2023-10-12,2320,-42,-1.81,2337,2380,2252,383603,1037064450,25318263200,9308185,60.63464837049743,65.27363184079601,3010445,2267.0,2085.6,2152.3333333333335,5373351.8
2023-10-13,2158,-162,-6.99,2277,2320,2149,202246,521093085,23549708050,9308185,54.4264819091609,62.65520534861509,2808199,2324.2,2085.8,2148.9333333333334,5217163.1
2023-10-16,2004,-154,-7.11,2175,2209,2000,211556,507703210,21874234750,9308185,48.65794907088782,57.443082311733804,2596643,2238.8,2078.95,2143.883333333333,5052230.05
2023-10-17,2030,26,1.28,1983,2090,1979,111116,265776910,22153480300,9308185,47.75910364145658,55.494505494505496,2707759,2174.8,2075.1,2139.2,4896679.25
2023-10-18,2030,0,0.0,2034,2090,1974,77213,183502565,22153480300,9308185,50.631031922791394,55.124653739612185,2707759,2108.4,2073.6,2135.9333333333334,4743539.15
2023-10-19,1957,-73,-3.57,2009,2034,1919,122503,281716480,21362284575,9308185,48.028169014084504,53.832281334535615,2585256,2035.8,2067.4,2131.233333333333,4583082.6
2023-10-20,1991,34,1.74,1940,2051,1885,130448,297217590,21734611975,9308185,53.67316341829085,12.328767123287676,2715704,2002.4,2063.35,2126.4,4430459.2
2023-10-23,1991,0,0.0,1962,2043,1927,111138,258386425,21734611975,9308185,56.15686274509804,14.314115308151102,2715704,1999.8,2060.75,2122.2,4279870.25
2023-10-24,1970,-21,-1.07,2004,2026,1927,138114,320873195,21501907350,9308185,52.459016393442624,11.71875,2577590,1987.8,2057.1,2120.2,4122375.6
2023-10-25,2047,77,3.9,1987,2060,1979,66225,156503570,22339644000,9308185,54.96894409937888,25.04570383912248,2643815,1991.2,2054.75,2120.55,3964011.4
2023-10-26,1902,-145,-7.08,1970,2021,1889,76222,172236200,20757252550,9308185,51.08225108225108,25.849056603773576,2567593,1980.2,2049.2,2121.483333333333,3806133.3
2023-10-27,1945,43,2.24,1902,1962,1868,60423,134342065,21222661800,9308185,22.06896551724138,42.95942720763723,2628016,1971.0,2045.8,2121.7833333333333,3651276.35
2023-10-30,1919,-26,-1.32,1949,1962,1889,33207,74420825,20943416250,9308185,23.55828220858895,36.75417661097852,2594809,1956.6,2047.1,2121.15,3497793.0
2023-10-31,1855,-64,-3.33,1936,1996,1855,58751,130893265,20245302375,9308185,20.76124567474048,31.8840579710145,2536058,1933.6,2048.15,2119.3,3344685.0
2023-11-01,1876,21,1.15,1846,1962,1842,47193,103655085,20478007000,9308185,23.758865248226954,40.60324825986079,2583251,1899.4,2046.45,2116.516666666667,3192993.35
2023-11-02,1927,51,2.73,1889,1940,1885,28994,64972695,21036498100,9308185,34.28571428571429,42.857142857142854,2612245,1904.4,2046.85,2114.3,3039253.2
2023-11-03,1962,35,1.77,1979,1991,1915,43763,99698960,21408825500,9308185,46.59090909090909,46.997929606625256,2656008,1907.8,2051.35,2109.3333333333335,2889174.55
2023-11-06,2000,38,1.96,1996,2030,1966,33826,79217530,21827693825,9308185,47.61146496815287,53.0,2689834,1924.0,2029.8,2107.133333333333,2707579.95
2023-11-07,1970,-30,-1.49,2000,2004,1949,44837,104009075,21501907350,9308185,45.44072948328268,41.501103752759384,2644997,1947.0,2010.8,2101.516666666667,2698786.65
2023-11-08,2013,43,2.16,1970,2030,1962,45215,105200535,21967316600,9308185,54.45859872611465,65.81196581196582,2690212,1974.4,1993.35,2098.883333333333,2663594.85
2023-11-09,2009,-4,-0.21,2034,2034,1936,24622,57495655,21920775675,9308185,51.50501672240802,60.256410256410255,2665590,1990.8,1977.8,2095.05,2646352.1
2023-11-10,1962,-47,-2.34,2009,2013,1915,47921,110046415,21408825500,9308185,47.751937984496124,56.45645645645646,2617669,1990.8,1968.0,2090.4333333333334,2636825.6
2023-11-13,1987,25,1.3,1962,2009,1936,24477,56774345,21688071050,9308185,51.30970724191063,72.44897959183673,2642146,1988.2,1967.15,2086.516666666667,2639100.75
2023-11-14,2000,13,0.64,1936,2013,1936,22452,52397355,21827693825,9308185,45.98290598290598,71.67832167832168,2664598,1994.2,1965.65,2082.25,2636942.7
2023-11-15,1983,-17,-0.85,2021,2038,1953,79096,183420310,21641530125,9308185,58.862144420131294,61.11111111111111,2585502,1988.2,1963.3,2078.35,2630829.85
2023-11-16,1983,0,0.0,2013,2026,1979,22603,53019575,21641530125,9308185,54.589371980676326,54.83870967741936,2585502,1983.0,1964.6,2077.2833333333333,2630842.15
2023-11-17,1932,-51,-2.58,1996,1996,1919,37555,85621090,21083039025,9308185,51.48063781321184,35.21739130434783,2547947,1977.0,1961.65,2076.5,2622454.3
2023-11-20,1945,13,0.66,1949,1974,1932,29012,66048365,21222661800,9308185,61.5979381443299,44.13145539906103,2576959,1968.6,1959.35,2076.5,2615517.05
2023-11-21,1983,38,1.97,1983,1987,1927,19183,44055605,21641530125,9308185,63.20987654320988,42.78846153846154,2596142,1965.2,1960.0,2076.2166666666667,2616444.65
2023-11-22,1945,-38,-1.94,1983,2000,1945,30351,70396280,21222661800,9308185,52.295918367346935,36.77685950413224,2565791,1957.6,1954.9,2065.35,2612543.45
2023-11-23,1936,-9,-0.44,1949,1970,1923,17687,40335645,21129579950,9308185,46.448087431693985,43.627450980392155,2548104,1948.2,1956.6,2057.0333333333333,2611569.0
2023-11-24,1979,43,2.2,1953,1979,1949,28837,66532970,21594989200,9308185,47.16981132075472,48.1981981981982,2576941,1957.6,1958.3,2051.7833333333333,2609015.25
2023-11-27,1919,-60,-3.02,1979,1991,1919,39413,89866135,20943416250,9308185,43.64089775561097,34.94423791821562,2537528,1952.4,1958.3,2044.1,2606151.2
2023-11-28,1949,30,1.56,1915,1953,1889,35488,79226020,21269202725,9308185,41.75257731958763,43.97163120567376,2573016,1945.6,1963.0,2036.85,2607999.1
2023-11-29,1923,-26,-1.31,1949,1953,1876,36190,80738890,20989957175,9308185,39.51219512195122,40.25974025974026,2536826,1941.2,1965.35,2030.3,2605677.85
2023-11-30,1936,13,0.67,1927,1953,1876,37954,85756100,21129579950,9308185,46.54255319148936,50.74074074074075,2574780,1941.2,1965.8,2024.55,2603804.6
2023-12-01,1915,-21,-1.1,1940,1953,1915,25993,58889605,20896875325,9308185,40.32258064516129,44.60431654676259,2548787,1928.4,1963.45,2020.9333333333334,2598443.55
2023-12-04,1919,4,0.22,1915,1919,1859,43068,95233495,20943416250,9308185,38.84297520661157,36.88524590163934,2591855,1928.4,1959.4,2015.9666666666667,2593544.6
2023-12-05,1940,21,1.11,1953,2009,1898,147902,339177545,21176120875,9308185,44.141689373297005,48.89867841409691,2739757,1926.6,1957.9,2011.9166666666667,2598282.6
2023-12-06,1974,34,1.76,1940,1991,1919,62394,143191930,21548448275,9308185,48.87780548628429,57.53968253968254,2802151,1936.8,1955.95,2008.7166666666667,2603879.55
2023-12-07,1915,-59,-3.02,1974,1974,1868,82985,183924955,20896875325,9308185,47.92176039119804,38.059701492537314,2719166,1932.6,1951.25,2004.8833333333334,2606558.35
2023-12-08,1846,-69,-3.56,1915,1915,1829,111003,241912090,20152220525,9308185,39.35483870967742,36.8231046931408,2608163,1918.8,1945.45,1999.75,2606083.05
2023-12-11,1979,133,7.16,1846,1987,1842,178910,402394505,21594989200,9308185,49.642857142857146,53.94736842105264,2787073,1930.8,1945.05,1997.05,2613329.4
2023-12-12,1932,-47,-2.37,1979,1983,1893,74299,169081490,21083039025,9308185,48.85764499121266,51.12219451371572,2712774,1929.2,1941.65,1994.1333333333334,2615738.2
2023-12-13,1915,-17,-0.88,1932,1936,1881,37614,84110825,20896875325,9308185,48.18024263431543,47.407407407407405,2675160,1917.4,1938.25,1991.7166666666667,2620221.1
2023-12-14,1893,-22,-1.11,1915,1915,1868,32333,71535735,20664170700,9308185,42.26618705035971,47.29064039408867,2642827,1913.0,1933.75,1988.5833333333333,2623087.35
2023-12-15,1910,17,0.9,1923,1923,1864,35076,77318615,20850334400,9308185,49.12280701754386,48.92601431980907,2677903,1925.8,1932.65,1985.8833333333334,2629585.15
2023-12-18,1893,-17,-0.89,1910,1932,1855,29743,65732920,20664170700,9308185,44.4,44.33734939759036,2648160,1908.6,1930.05,1983.3833333333334,2633145.2
2023-12-19,1859,-34,-1.8,1889,1889,1851,40359,88419690,20291843300,9308185,43.70078740157481,36.144578313253014,2607801,1894.0,1923.85,1980.3166666666666,2633728.15
2023-12-20,2013,154,8.26,1859,2115,1842,271129,633863190,21967316600,9308185,55.932203389830505,59.6078431372549,2878930,1913.6,1927.25,1978.9666666666667,2649385.1
2023-12-21,1902,-111,-5.51,1983,1991,1902,157857,357666320,20757252550,9308185,49.12043301759134,55.07246376811594,2721073,1915.4,1925.55,1977.1166666666666,2658033.55
2023-12-22,1889,-13,-0.67,1910,1927,1864,51498,114372475,20617629775,9308185,47.99465240641711,39.583333333333336,2669575,1911.2,1921.05,1975.05,2662665.25
2023-12-26,1859,-30,-1.58,1893,1906,1834,67989,149025520,20291843300,9308185,44.649933949801856,41.20481927710844,2601586,1904.4,1918.05,1974.4833333333333,2665868.15
2023-12-27,1881,22,1.15,1859,1906,1859,43274,95673555,20524547925,9308185,43.758389261744966,45.95238095238095,2644860,1908.8,1914.65,1975.2666666666667,2669460.35
2023-12-28,1906,25,1.36,1881,1919,1881,29396,65355730,20803793475,9308185,49.36708860759494,51.53664302600473,2674256,1887.4,1913.8,1975.2,2676331.85
2024-01-02,1923,17,0.89,1906,1927,1868,44336,98787740,20989957175,9308185,55.84218512898331,51.53664302600473,2718592,1891.6,1913.15,1975.2666666666667,2683522.45
2024-01-03,1927,4,0.22,1923,1945,1898,26137,58732540,21036498100,9308185,45.09433962264151,54.146341463414636,2744729,1899.2,1913.75,1976.1833333333334,2693319.55
2024-01-04,1936,9,0.44,1936,1962,1906,28512,64443495,21129579950,9308185,50.40650406504066,60.0,2773241,1914.6,1914.6,1967.9333333333334,2702388.85
2024-01-05,1898,-38,-1.98,1936,1940,1898,28827,64969065,20710711625,9308185,48.3430799220273,28.624535315985128,2744414,1918.0,1912.5,1960.4,2702621.7
2024-01-08,1910,12,0.67,1898,1932,1885,21476,47857670,20850334400,9308185,51.68986083499006,52.35294117647059,2765890,1918.8,1909.3,1952.8666666666666,2700808.65
2024-01-09,1919,9,0.45,1940,1940,1898,25404,56904510,20943416250,9308185,50.909090909090914,59.036144578313255,2791294,1918.0,1909.5,1946.1833333333334,2704415.05
2024-01-10,1945,26,1.33,1919,1945,1893,22969,51932735,21222661800,9308185,55.15873015873016,76.54320987654322,2814263,1921.6,1914.45,1942.6333333333334,2714720.05
2024-01-11,2132,187,9.65,1945,2516,1910,4429006,11742673905,23270462500,9308185,70.77625570776256,88.37920489296636,7243269,1960.8,1922.1,1944.7666666666667,2937529.85
2024-01-12,2128,-4,-0.2,2132,2235,2047,744588,1855723985,23223921575,9308185,61.341222879684416,86.27450980392156,6498681,2006.8,1931.9,1946.4,3126825.2
2024-01-15,2060,-68,-3.21,2102,2111,2017,273851,658521065,22479266775,9308185,67.02586206896552,69.187675070028,6224830,2036.8,1939.15,1946.9,3304308.7
2024-01-16,2149,89,4.35,2064,2149,2026,323436,795916505,23456626200,9308185,74.07407407407408,75.11312217194569,6548266,2082.8,1951.95,1950.1,3499580.65
2024-01-17,2068,-81,-3.77,2158,2162,2038,223530,543680785,22572348625,9308185,67.68189509306261,62.840466926070036,6324736,2107.4,1959.85,1951.3833333333334,3681922.3
2024-01-18,2004,-64,-3.09,2064,2064,1945,127582,297444485,21874234750,9308185,59.71563981042654,59.81481481481481,6197154,2081.8,1965.4,1951.6,3859372.0
2024-01-19,2034,30,1.49,2004,2102,2004,125402,301770255,22200021225,9308185,60.03134796238245,61.11111111111111,6322556,2063.0,1974.15,1952.6666666666667,4045109.75
2024-01-22,2030,-4,-0.21,2047,2098,2013,93441,224325300,22153480300,9308185,58.56,60.03616636528029,6229115,2057.0,1975.0,1952.3833333333334,4212619.0
2024-01-23,2038,8,0.42,2030,2085,2021,81475,195856575,22246562150,9308185,58.8235294117647,58.691588785046726,6310590,2034.8,1981.8,1954.65,4392094.85
2024-01-24,2111,73,3.56,2055,2158,2055,181278,449117605,23037757875,9308185,62.62626262626262,47.50593824228028,6491868,2043.4,1992.9,1957.4166666666667,4583209.5
2024-01-25,2072,-39,-1.82,2081,2158,2043,68752,166378845,22618889550,9308185,62.53602305475504,43.85964912280702,6423116,2057.0,2003.55,1959.9666666666667,4774286.0
2024-01-26,2213,141,6.79,2072,2345,2047,1310338,3389799050,24154740075,9308185,68.40826245443499,64.46124763705103,7733454,2092.8,2020.15,1965.9333333333334,5028715.7
2024-01-29,2162,-51,-2.31,2205,2205,2141,148024,375217330,23596248975,9308185,64.04624277456647,51.323828920570264,7585430,2119.2,2032.95,1970.7,5274274.4
2024-01-30,2196,34,1.58,2162,2196,2081,155591,390927850,23968576375,9308185,64.37571592210767,64.41441441441441,7741021,2150.8,2046.6,1975.1833333333334,5525395.85
2024-01-31,2115,-81,-3.69,2179,2260,2098,99988,252412615,23084298800,9308185,48.89178617992177,62.039045553145336,7641033,2151.6,2056.0,1977.7333333333333,5770211.05
2024-02-01,2081,-34,-1.61,2098,2111,2051,104131,252578805,22711971400,9308185,47.05144291091594,55.053763440860216,7536902,2153.4,2063.25,1979.0833333333333,6008394.1
2024-02-02,2081,0,0.0,2081,2141,2060,71332,174814120,22711971400,9308185,51.440329218107,55.53145336225596,7536902,2127.0,2072.4,1980.9333333333334,6248018.5
2024-02-05,2060,-21,-1.02,2081,2094,2051,56621,137010965,22479266775,9308185,43.26777609682299,52.32067510548523,7480281,2106.6,2079.9,1981.7166666666667,6483738.05
2024-02-06,1898,-162,-7.87,2081,2081,1876,243991,547869525,20710711625,9308185,38.544474393531,31.08348134991118,7236290,2047.0,2078.85,1979.8666666666666,6705987.85
2024-02-07,1586,-312,-16.4,1898,1910,1579,422869,860489635,17313224100,9308185,28.888888888888886,20.933014354066984,6813421,1941.2,2060.9,1973.6,6905945.75
2024-02-08,1280,-306,-19.3,1211,1365,1211,2551836,3880584593,13971585685,9308185,20.221169036334913,3.396603396603396,4261585,1781.0,2018.3,1961.8166666666666,6756861.55
2024-02-13,1343,63,4.93,1282,1535,1215,2321941,3864210605,14660391375,9308185,24.075471698113205,9.575518262586371,6583526,1633.4,1979.05,1950.8666666666666,6761103.8
2024-02-14,1394,51,3.75,1343,1409,1283,424640,663750070,15209574290,9308185,26.461988304093566,11.067961165048544,7008166,1500.2,1945.75,1941.05,6800270.6
2024-02-15,1390,-4,-0.24,1450,1450,1356,200044,323145504,15172341550,9308185,22.247882986913012,11.962224554039864,6808122,1398.6,1907.8,1931.1666666666667,6813263.4
2024-02-16,1333,-57,-4.11,1389,1418,1333,140679,224073381,14548693155,9308185,21.94381169324221,11.680327868852459,6667443,1348.0,1871.05,1921.1833333333334,6830398.75
2024-02-19,1362,29,2.18,1336,1401,1297,212342,339980313,14865171445,9308185,14.68879668049793,14.228855721393032,6879785,1364.4,1838.95,1911.4666666666667,6864530.3
2024-02-20,1404,42,3.07,1362,1428,1343,204943,334381774,15321272510,9308185,18.31103678929766,18.031189083820664,7084728,1376.6,1807.45,1901.8166666666666,6902638.9
2024-02-21,1358,-46,-3.28,1403,1403,1348,136009,217763825,14818630520,9308185,15.314569536423846,20.329670329670336,6948719,1369.4,1773.85,1892.0333333333333,6938619.1
2024-02-22,1324,-34,-2.51,1358,1375,1305,137380,213529060,14446303120,9308185,15.934539190353135,29.27215189873418,6811339,1356.2,1738.15,1881.8333333333333,6963656.55
2024-02-23,1307,-17,-1.22,1316,1342,1298,97789,150459995,14269447605,9308185,16.171328671328666,53.93586005830904,6713550,1351.0,1697.95,1870.6333333333334,6974740.65
2024-02-26,1310,3,0.2,1319,1353,1307,113597,175725416,14297372160,9308185,16.39058413251962,44.169611307420496,6827147,1340.6,1659.85,1860.4833333333333,6994942.2
2024-02-27,1326,16,1.24,1310,1328,1233,117926,177046671,14474227675,9308185,17.863397548161117,36.29032258064516,6945073,1325.0,1615.5,1850.1,6955523.15
2024-02-28,1335,9,0.64,1326,1340,1313,48461,75236931,14567309525,9308185,21.53690596562184,39.130434782608695,6993534,1320.4,1574.15,1840.3,6925928.35
2024-02-29,1330,-5,-0.32,1361,1361,1301,50067,77727368,14520768600,9308185,31.231671554252202,49.25373134328358,6943467,1321.6,1530.85,1830.2,6886050.65
2024-03-04,1355,25,1.86,1407,1407,1344,122381,194913200,14790705965,9308185,59.35162094763092,48.2233502538071,7065848,1331.2,1492.85,1820.8666666666666,6857291.4
2024-03-05,1367,12,0.88,1355,1399,1335,85181,136198583,14921020555,9308185,53.42857142857143,38.92215568862275,7151029,1342.6,1457.15,1811.6666666666667,6837997.75
2024-03-06,1458,91,6.61,1493,1504,1395,361905,616490376,15907688165,9308185,58.20512820512821,73.58490566037736,7512934,1369.0,1426.0,1803.6333333333334,6836799.35
2024-03-07,1591,133,9.19,1458,1893,1458,3671174,7431583556,17369073210,9308185,69.36416184971098,92.92604501607717,11184108,1420.2,1402.55,1797.25,7021990.7
2024-03-08,1446,-145,-9.16,1595,1596,1384,538146,934814306,15777373575,9308185,59.30807248764416,65.83143507972665,10645962,1443.4,1379.95,1789.4333333333334,7192474.3
2024-03-11,1392,-54,-3.72,1449,1493,1356,159049,265817195,15190957920,9308185,52.37341772151899,58.36734693877551,10486913,1450.8,1370.25,1781.8666666666666,7376148.9
2024-03-12,1353,-39,-2.82,1378,1378,1326,75367,119311504,14762781410,9308185,45.94594594594595,52.631578947368425,10411546,1448.0,1373.9,1771.4333333333334,7683646.95
2024-03-13,1319,-34,-2.52,1353,1363,1313,95790,149054313,14390454010,9308185,46.839546191247976,48.51301115241636,10315756,1420.2,1372.7,1761.2166666666667,7870258.45
2024-03-14,1710,391,29.69,1319,1710,1281,2066885,3973276706,18662910925,9308185,69.81519507186859,70.56277056277057,12382641,1444.0,1388.5,1757.8,8138982.2
2024-03-15,1498,-212,-12.37,1665,1679,1450,1635724,2996828671,16354481045,9308185,58.16937553464499,56.43564356435643,10746917,1454.4,1393.9,1751.2166666666667,8335921.95
2024-03-18,1719,221,14.68,1525,1834,1515,3389677,6755350892,18755992775,9308185,64.74405191059842,63.333333333333336,14136594,1519.8,1413.2,1748.0333333333333,8709379.5
2024-03-19,1719,0,0.0,1701,1795,1613,705195,1400204633,18755992775,9308185,64.33260393873084,60.61838893409276,14136594,1593.0,1431.05,1745.1333333333334,9072219.95
2024-03-20,1714,-5,-0.25,1778,1778,1649,299430,598141331,18709451850,9308185,63.86247256766642,55.585831062670295,13837164,1672.0,1446.55,1742.7166666666667,9409841.75
2024-03-21,1647,-67,-3.93,1714,1719,1646,272928,533604512,17974105235,9308185,61.091672498250524,59.82404692082112,13564236,1659.4,1461.0,1736.6166666666666,9740617.6
2024-03-22,1664,17,1.04,1647,1695,1647,86032,167847788,18160268935,9308185,60.87262491203378,63.793103448275865,13650268,1692.6,1478.0,1732.65,10082564.05
2024-03-25,1723,59,3.54,1663,1757,1633,178358,352977471,18802533700,9308185,62.125340599455036,68.389662027833,13828626,1693.4,1498.8,1729.8833333333334,10438317.85
2024-03-26,1705,-18,-1.04,1723,1817,1684,235188,480002367,18607061815,9308185,58.85304659498208,69.4949494949495,13593438,1690.6,1518.55,1727.3166666666666,10776632.4
2024-03-27,1666,-39,-2.3,1761,1761,1666,94173,188206175,18178885305,9308185,52.882398155265186,46.55172413793104,13499265,1681.0,1535.55,1723.7333333333333,11104342.0
2024-03-28,1629,-37,-2.2,1678,1678,1626,85052,163550218,17778633350,9308185,57.66974015088014,64.14686825053997,13414213,1677.4,1550.25,1719.1166666666666,11425375.95
2024-03-29,1667,38,2.36,1643,1692,1613,59657,115349822,18197501675,9308185,61.6822429906542,40.714285714285715,13473870,1678.0,1567.1,1714.85,11751896.1
2024-04-01,1662,-5,-0.31,1661,1696,1620,65699,128454813,18141652565,9308185,63.517060367454064,39.99999999999999,13408171,1665.8,1582.45,1710.4333333333334,12069012.25
2024-04-02,1680,18,1.08,1662,1695,1642,48414,94315178,18337124450,9308185,66.01597160603372,44.29530201342282,13456585,1660.8,1598.1,1706.1666666666667,12384290.05
2024-04-03,1638,-42,-2.54,1638,1672,1631,69866,134389843,17871715200,9308185,45.37275064267352,48.35164835164835,13386719,1655.2,1607.1,1701.8333333333333,12677979.3
2024-04-04,1628,-10,-0.57,1622,1671,1622,26947,51640195,17769325165,9308185,61.28472222222223,43.23308270676692,13359772,1655.0,1608.95,1697.1333333333334,12786762.5
2024-04-05,1412,-216,-13.31,1628,1660,1387,252608,441679635,15405046175,9308185,23.117338003502624,13.238770685579198,13107164,1604.0,1607.25,1688.6833333333334,12909822.6
2024-04-08,1492,80,5.68,1382,1662,1368,454967,804832482,16280015565,9308185,32.5652841781874,28.04123711340206,13562131,1570.0,1612.25,1681.1333333333334,13063583.5
2024-04-09,1540,48,3.26,1508,1609,1478,61997,109039004,16810582110,9308185,37.46397694524496,37.24696356275304,13624128,1542.0,1621.6,1671.2666666666667,13224212.6
2024-04-11,1552,12,0.78,1540,1603,1539,52156,95566928,16940896700,9308185,42.56651017214397,41.791044776119406,13676284,1524.8,1633.25,1661.6666666666667,13392239.0
2024-04-12,1606,54,3.46,1552,1659,1552,54484,103170387,17527312355,9308185,45.710059171597635,43.71134020618557,13730768,1520.4,1628.05,1654.1,13459645.35
2024-04-15,1632,26,1.65,1607,1697,1589,105250,200848193,17815866090,9308185,42.92379471228616,47.03557312252964,13836018,1564.4,1634.75,1645.4833333333333,13614100.4
2024-04-16,1710,78,4.75,1632,1783,1549,303042,601101711,18662910925,9308185,50.35561877667141,52.650176678445234,14139060,1608.0,1634.3,1639.5166666666667,13614223.7
2024-04-17,2222,512,29.93,1710,2222,1710,3263308,7823458645,24247821925,9308185,73.63945578231292,78.18532818532819,17402368,1744.4,1659.45,1643.15,13777512.4
2024-04-18,2090,-132,-5.95,2205,2286,2021,3261856,8135709210,22805053250,9308185,68.13532651455546,69.94818652849742,14140512,1852.0,1678.25,1644.0833333333333,13792679.8
2024-04-19,1953,-137,-6.53,2090,2111,1915,557345,1311138235,21315743650,9308185,60.43795620437957,75.06950880444856,13583167,1921.4,1693.55,1642.8,13793626.35
2024-04-22,1834,-119,-6.11,1979,2166,1817,1027887,2416341450,20012597750,9308185,55.795148247978446,65.29516994633273,12555280,1961.8,1702.05,1639.4,13738876.95
2024-04-23,1898,64,3.49,1864,2090,1842,1437187,3294170935,20710711625,9308185,57.12418300653595,65.78483245149911,13992467,1999.4,1710.8,1635.85,13747069.0
2024-04-24,1970,72,3.82,1915,2090,1876,633202,1451325760,21501907350,9308185,60.64102564102564,67.50418760469012,14625669,1949.0,1724.05,1634.15,13798680.55
2024-04-25,2017,47,2.38,1970,2081,1932,298199,701622960,22013857525,9308185,62.179085785848464,67.31255265374895,14923868,1934.4,1741.6,1630.8833333333334,13869910.7
2024-04-26,1932,-85,-4.23,2017,2017,1885,118985,269452515,21083039025,9308185,67.73533424283765,62.03852327447833,14804883,1930.2,1756.75,1627.05,13939444.2
2024-04-29,1957,25,1.32,1923,1983,1923,73829,169078755,21362284575,9308185,66.47767540751241,60.35205364626991,14878712,1954.8,1771.25,1623.0666666666666,14009686.3
2024-04-30,1970,13,0.65,2009,2009,1902,118643,268614590,21501907350,9308185,65.625,31.844380403458217,14997355,1969.2,1786.65,1620.65,14089145.5
2024-05-02,1902,-68,-3.46,2009,2013,1868,102317,228164765,20757252550,9308185,62.22067039106145,35.07936507936509,14895038,1955.6,1797.75,1617.6666666666667,14161068.15
2024-05-03,1919,17,0.9,1902,1940,1889,42194,94735855,20943416250,9308185,61.21863799283154,46.666666666666664,14937232,1936.0,1811.8,1614.9666666666667,14238593.8
2024-05-07,1932,13,0.67,1919,1945,1876,94170,211386035,21083039025,9308185,60.85383502170767,62.12871287128713,15031402,1936.0,1827.0,1612.8333333333333,14322175.3
2024-05-08,1957,25,1.32,1919,1996,1872,126087,287399085,21362284575,9308185,59.29270127915726,58.08219178082192,15157489,1936.0,1854.25,1613.8166666666666,14424691.55
2024-05-09,1936,-21,-1.09,1957,1974,1919,68651,156696690,21129579950,9308185,32.93556085918854,44.5859872611465,15088838,1929.2,1876.45,1619.65,14501026.9
2024-05-10,1842,-94,-4.85,1949,1949,1834,97189,212823720,20105679600,9308185,34.5,25.76177285318559,14991649,1917.2,1891.55,1629.0166666666667,14569402.95
2024-05-13,1859,17,0.93,1842,2094,1842,376448,865440595,20291843300,9308185,43.088235294117645,37.54266211604096,15368097,1905.2,1906.9,1637.6166666666666,14653993.6
2024-05-14,1945,86,4.59,1868,1983,1868,85713,193557290,21222661800,9308185,58.578052550231845,48.30508474576271,15453810,1907.8,1923.85,1646.8,14740145.7
2024-05-16,1983,38,1.97,1945,1996,1885,73438,167756660,21641530125,9308185,56.8438003220612,51.71503957783642,15527248,1913.0,1941.4,1656.6833333333334,14824707.2
2024-05-17,1906,-77,-3.87,1987,1996,1876,125708,280482565,20803793475,9308185,44.888178913738024,50.51546391752578,15401540,1907.0,1951.2,1666.2333333333333,14887831.2
2024-05-20,1851,-55,-2.91,1906,2004,1829,94245,206844240,20198761450,9308185,36.90851735015773,42.01877934272301,15307295,1908.8,1932.65,1674.3833333333334,14783077.55
2024-05-21,1812,-39,-2.07,1859,1910,1800,57227,121973730,19779893125,9308185,39.79591836734694,36.72566371681416,15250068,1899.4,1918.75,1681.1833333333334,14838555.35
2024-05-22,1893,81,4.47,1783,2047,1685,293596,645731979,20664170700,9308185,45.03105590062112,43.70078740157481,15543664,1889.0,1915.75,1690.1,14936580.2
2024-05-23,1846,-47,-2.48,1893,1932,1765,85641,188024020,20152220525,9308185,40.85545722713864,41.57303370786517,15458023,1861.6,1916.35,1698.8,15081717.35
2024-05-24,1825,-21,-1.15,1885,1893,1753,142405,299985860,19919515900,9308185,43.8985736925515,48.15618221258134,15315618,1845.4,1912.7,1707.4333333333334,15147874.9
2024-05-27,1996,171,9.35,1825,2021,1812,292403,659336970,21781152900,9308185,54.904458598726116,61.13821138211382,15608021,1874.4,1914.0,1718.8666666666666,15196992.5
2024-05-28,2107,111,5.56,2034,2154,1983,612443,1502834225,22991216950,9308185,59.90939977349943,62.65625,16220464,1933.4,1918.5,1731.8833333333334,15261822.3
2024-05-29,2320,213,10.12,2107,2388,1979,897470,2357025640,25318263200,9308185,66.9467787114846,70.67484662576688,17117934,2018.8,1937.9,1748.3,15377474.85
2024-05-30,2350,30,1.29,2341,2371,2175,262499,705375240,25644049675,9308185,69.16666666666667,78.90625,17380433,2119.6,1957.55,1765.3,15502560.9
2024-05-31,2324,-26,-1.09,2303,2341,2183,199244,526875680,25364804125,9308185,73.81422924901186,82.00270635994588,17181189,2219.4,1975.25,1781.45,15611752.6
2024-06-03,2388,64,2.75,2303,2478,2303,228250,638313330,26062918000,9308185,74.97639282341832,87.69633507853403,17409439,2297.8,1999.55,1798.4666666666667,15737472.65
2024-06-04,2341,-47,-1.96,2341,2452,2090,345891,908151860,25550967825,9308185,69.41176470588235,80.68493150684932,17063548,2344.6,2020.65,1813.1833333333334,15843788.45
2024-06-05,2401,60,2.55,2230,2452,2141,324809,864915320,26202540775,9308185,70.05758157389636,87.3485868102288,17388357,2360.8,2044.1,1826.6833333333334,15961636.2
2024-06-07,2205,-196,-8.17,2388,2388,2179,257806,678912450,24061658225,9308185,62.876830318690786,70.69716775599129,17130551,2331.8,2056.5,1839.3333333333333,16060289.3
2024-06-10,2205,0,0.0,2205,2260,2098,158055,405483140,24061658225,9308185,66.00361663652802,63.98929049531459,17130551,2308.0,2069.95,1852.8833333333334,16162374.95
2024-06-11,2124,-81,-3.68,2205,2205,2119,114806,288166135,23177380650,9308185,63.58885017421603,51.18549511854952,17015745,2255.2,2084.05,1865.7333333333333,16263579.75
2024-06-12,2290,166,7.83,2124,2320,2030,274670,701808435,24992476725,9308185,66.09894566098946,47.76119402985075,17290415,2245.0,2105.6,1881.9166666666667,16359695.65
2024-06-13,2375,85,3.72,2260,2431,2243,318562,870611345,25923295225,9308185,70.81038552321007,51.72413793103448,17608977,2239.8,2127.1,1893.0,16467454.0
2024-06-14,2047,-328,-13.82,2205,2205,1910,915174,2205196995,22339644000,9308185,57.03422053231939,36.5141187925998,16693803,2208.2,2130.3,1902.15,16525781.75
2024-06-17,2081,34,1.67,2047,2235,1987,268350,669816275,22711971400,9308185,52.94934073560027,34.60381143430291,16962153,2183.4,2139.05,1908.1833333333334,16603812.4
2024-06-18,2196,115,5.53,2081,2200,1966,296681,735531650,23968576375,9308185,53.07958477508651,43.1924882629108,17258834,2197.8,2156.3,1916.1333333333334,16701389.35
2024-06-19,2559,363,16.5,2179,2729,2179,1675241,5002634865,27924555000,9308185,57.492163009404386,55.77485380116959,18934075,2251.6,2193.65,1930.2166666666667,16885589.7
2024-06-20,2486,-73,-2.83,2507,2712,2426,679754,2034000630,27133359275,9308185,54.15140415140415,61.28514056224899,18254321,2273.8,2223.3,1944.2,17021122.55
2024-06-21,2780,294,11.84,2486,2806,2422,927686,2892184865,30344683100,9308185,61.96222455403988,68.6809616634178,19182007,2420.4,2270.0,1962.8,17207321.75
2024-06-24,2776,-4,-0.15,2763,2985,2691,589324,1954868180,30298142175,9308185,60.5092091007584,72.29822161422709,18592683,2559.4,2317.55,1980.35,17371175.0
2024-06-25,2955,179,6.45,2776,3019,2776,368636,1261152300,32252861025,9308185,65.52072800808898,72.54237288135593,18961319,2711.2,2365.5,2001.1833333333334,17538839.9
2024-06-26,2930,-25,-0.87,2942,2985,2699,306128,1029917370,31973615475,9308185,63.612969634585696,69.6113074204947,18655191,2785.4,2406.65,2022.25,17660576.25
2024-06-27,2721,-209,-7.13,2930,2942,2644,357115,1157866065,29693110150,9308185,63.190184049079754,76.00308641975309,18298076,2832.4,2426.7,2040.45,17719583.35
2024-06-28,2456,-265,-9.72,2678,2746,2452,542587,1612002470,26807572800,9308185,55.65060783430887,62.27897838899804,17755489,2767.6,2432.0,2053.6,17738336.15
2024-07-01,2631,175,7.12,2021,2699,1987,1853388,4991928410,28715750725,9308185,60.950323974082075,63.70510396975425,19608877,2738.6,2447.35,2069.75,17859720.55
2024-07-02,2857,226,8.59,2627,3019,2473,1015624,3292681500,31182419750,9308185,61.93684210526316,60.275862068965516,20624501,2719.0,2470.8,2089.366666666667,18020473.65
2024-07-03,2900,43,1.49,2814,2985,2772,494087,1662750580,33552590600,9868409,61.25160737248178,64.57746478873239,21118588,2713.0,2498.75,2110.4,18223225.65
2024-07-04,3305,405,13.97,2857,3318,2708,1063972,3874702595,38240084875,9868409,76.09958506224066,67.14565643370346,22182560,2829.8,2543.95,2138.35,18462935.8
2024-07-05,3185,-120,-3.61,3275,3390,3079,638866,2403761150,36858507615,9868409,72.11538461538461,62.41651487553127,21543694,2975.6,2592.95,2167.9,18683592.95
2024-07-08,3156,-29,-0.94,3185,3241,3109,356868,1326954750,36513113300,9868409,69.91701244813278,56.71342685370741,21186826,3080.6,2640.5,2195.633333333333,18886406.7
2024-07-09,3113,-43,-1.35,3100,3160,2908,423070,1511419735,36019692850,9868409,63.25358851674642,56.03960396039604,20763756,3131.8,2689.95,2221.85,19073807.25
2024-07-10,2776,-337,-10.82,3113,3232,2597,572427,1930530730,32121671295,9868409,56.159728122344944,51.673767498478384,20191329,3107.0,2714.25,2242.25,19218852.95
2024-07-11,2913,137,4.92,2776,2955,2725,250066,841610370,33700616735,9868409,53.02685480200273,65.08250825082509,20441395,3028.6,2741.15,2264.0333333333333,19360473.85
2024-07-12,2857,-56,-1.9,2913,3023,2695,239914,806788680,33059170150,9868409,51.800800355713655,58.0945558739255,20201481,2963.0,2781.65,2284.45,19535857.75
2024-07-15,2870,13,0.45,2857,3070,2669,524684,1751549980,33207196285,9868409,47.95967354776764,50.54945054945055,20726165,2905.8,2821.1,2303.7833333333333,19724058.35
2024-07-16,3015,145,5.05,2870,3326,2738,622932,2180547235,34884825815,9868409,51.92918747162959,54.47470817120623,21349097,2886.2,2862.05,2317.0,19928571.5
2024-07-17,2836,-179,-5.94,3092,3092,2814,347090,1181499565,32812459925,9868409,52.64611136677405,27.856468366383382,21002007,2898.2,2875.9,2329.4333333333334,20031968.1
2024-07-18,2554,-282,-9.92,2827,2900,2516,404378,1266193175,29555884955,9868409,52.23744292237443,24.16052416052416,20597629,2826.4,2879.3,2339.45,20149133.5
2024-07-19,2614,60,2.34,2554,2780,2554,336733,1054618595,30246673585,9868409,49.59036144578314,28.354632587859427,20934362,2777.8,2871.0,2352.45,20236751.25
2024-07-22,2635,21,0.82,2614,2789,2559,259931,811354410,30493383810,9868409,44.06417112299466,30.56910569105692,21194293,2730.8,2863.95,2364.733333333333,20366831.75
2024-07-23,2691,56,2.1,2635,2772,2610,220556,697710400,31134830395,9868409,44.45034519383962,45.521601685985246,21414849,2666.0,2850.75,2376.75,20489508.25
2024-07-24,2712,21,0.79,2665,2772,2588,176000,556182590,31381540620,9868409,30.220146764509664,37.935174069627855,21590849,2641.2,2839.85,2388.3333333333335,20636291.15
2024-07-25,2648,-64,-2.36,2644,2755,2516,109387,334374985,30641409945,9868409,31.392931392931388,37.574316290130795,21481462,2660.0,2836.2,2400.266666666667,20795460.45
2024-07-26,2448,-200,-7.57,2597,2640,2448,314060,926565905,28322333830,9868409,28.06691449814126,29.47470817120623,21167402,2626.8,2835.8,2408.45,20966056.1
2024-07-29,2307,-141,-5.75,2473,2507,2273,227433,625625555,26694046345,9868409,26.46028037383178,15.4296875,20939969,2561.2,2819.6,2414.0666666666666,21032610.7
2024-07-30,2546,239,10.35,2431,2716,2230,755614,2213923180,29457200865,9868409,42.874845105328376,36.62361623616236,21695583,2532.2,2804.05,2424.8,21086164.8
2024-07-31,2554,8,0.34,2559,2691,2431,432183,1291560570,29555884955,9868409,37.91245791245792,50.0,22127766,2500.6,2786.75,2435.383333333333,21136623.7
2024-08-01,2533,-21,-0.83,2584,2618,2443,308421,912382955,29309174730,9868409,38.827586206896555,44.74708171206226,21819345,2477.6,2748.15,2445.4,21118462.95
2024-08-02,2431,-102,-4.04,2533,2533,2345,295892,858624290,28124965650,9868409,35.73749187784276,38.02816901408451,21523453,2474.2,2710.45,2453.3,21117450.9
2024-08-05,1791,-640,-26.32,2388,2426,1753,387206,931774005,20723658900,9868409,19.911504424778755,18.66295264623956,21136247,2371.0,2642.2,2450.883333333333,21114921.95
2024-08-06,1893,102,5.71,1851,2094,1834,225020,517312860,21907867980,9868409,25.907000510986208,23.005932762030326,21361267,2240.4,2581.2,2451.733333333333,21144797.5
2024-08-07,1808,-85,-4.5,1893,1974,1748,330277,703406940,20921027080,9868409,28.806818181818187,22.69180754226268,21030990,2091.2,2532.8,2450.883333333333,21186780.55
2024-08-08,1727,-81,-4.48,1808,1825,1664,302450,603843763,19983528225,9868409,25.098259404828752,24.59478505990134,20728540,1930.0,2473.5,2447.25,21201137.8
2024-08-09,1753,26,1.48,1714,1808,1699,337636,690835688,20279580495,9868409,25.307950727883537,28.757668711656436,21066176,1794.4,2418.3,2443.4166666666665,21244372.55
2024-08-12,1791,38,2.19,1753,1825,1744,214014,446061580,20723658900,9868409,24.547511312217196,15.775158658204887,21280190,1794.4,2364.35,2441.5,21272073.8
2024-08-13,1705,-86,-4.81,1791,1834,1681,263917,532548771,19726949591,9868409,22.531369339879973,14.055884843353084,21016273,1756.8,2298.85,2439.0666666666666,21255432.6
2024-08-14,1731,26,1.55,1706,1748,1689,131597,265128242,20032870270,9868409,24.456824512534823,16.188870151770658,21147870,1741.4,2243.6,2437.7166666666667,21262725.75
2024-08-16,1731,0,0.0,1783,1821,1705,167080,342811505,20032870270,9868409,27.523510971786834,17.71217712177122,21147870,1742.2,2202.45,2435.016666666667,21290237.8
2024-08-19,1623,-108,-6.26,1765,1791,1620,220969,438527387,18779582327,9868409,28.10499359795135,34.78260869565217,20926901,1716.2,2152.9,2431.3,21289864.75
2024-08-20,1637,14,0.84,1653,1662,1611,135520,259667155,18937476871,9868409,16.005983545250572,22.41379310344827,21062421,1685.4,2103.0,2428.1666666666665,21283271.15
2024-08-21,1643,6,0.42,1637,1650,1556,151512,286315347,19016424143,9868409,15.88014981273409,28.57142857142857,21213933,1673.0,2050.6,2422.2833333333333,21273225.35
2024-08-22,1542,-101,-6.18,1670,1688,1512,251216,463681445,17842083472,9868409,14.982332155477039,27.160493827160494,20962717,1635.2,1992.1,2412.866666666667,21241818.75
2024-08-23,1464,-78,-5.09,1559,1562,1408,424600,737047627,16934189844,9868409,15.240833932422717,18.380743982494522,20538117,1581.8,1932.9,2398.6,21194651.5
2024-08-26,1632,168,11.54,1469,1661,1460,437514,791526545,18888134826,9868409,41.34929270946681,36.45655877342419,20975631,1583.6,1892.1,2386.633333333333,21185062.95
2024-08-27,1710,78,4.75,1635,1723,1585,281909,545731027,19786160045,9868409,39.77653631284916,50.43177892918825,21257540,1598.2,1862.25,2376.4,21200941.5
2024-08-28,1821,111,6.48,1723,1851,1698,389782,818075229,21069053215,9868409,50.70575461454939,56.77710843373493,21647322,1633.8,1826.0,2366.95,21198528.45
2024-08-29,1765,-56,-3.04,1804,1821,1695,186469,379703417,20427606630,9868409,52.12053571428571,52.36111111111111,21460853,1678.4,1786.55,2357.35,21165182.8
2024-08-30,1787,22,1.21,1761,1829,1701,73972,153748480,20674316855,9868409,51.90582959641256,62.93375394321767,21534825,1743.0,1749.25,2347.116666666667,21150956.8
2024-09-02,1783,-4,-0.24,1770,1791,1703,67353,137748821,20624974810,9868409,49.53379953379954,61.69871794871794,21467472,1773.2,1716.85,2340.0833333333335,21148157.75
2024-09-03,1791,8,0.48,1783,1804,1727,59933,124374500,20723658900,9868409,55.51282051282051,61.821086261980824,21527405,1789.4,1716.85,2333.1833333333334,21167715.65
2024-09-04,1795,4,0.24,1770,1821,1698,138759,289459546,20773000945,9868409,54.221635883905016,73.91304347826087,21666164,1784.2,1711.95,2327.7,21182960.5
2024-09-05,2333,538,29.93,1800,2333,1778,6174562,16162631965,26990098615,9868409,73.22530864197532,93.93326592517695,27840726,1897.8,1738.2,2328.4166666666665,21523447.3
2024-09-06,2618,285,12.25,2333,2998,2158,26080346,79643171010,30296015630,9868409,83.77460964019008,94.5750452079566,53921072,2064.0,1782.75,2332.4666666666667,23183073.9
2024-09-09,2409,-209,-7.98,2853,2959,2409,9943667,31926540580,27878255425,9868409,73.14148681055156,78.2538399353274,43977405,2189.2,1815.55,2338.5,24328635.35
2024-09-10,2281,-128,-5.31,2392,2648,2235,4709264,13688433000,26397994075,9868409,67.82122905027933,68.34130781499202,39268141,2287.2,1840.05,2341.8333333333335,25228032.9
2024-09-11,2269,-12,-0.56,2384,2401,2119,1950947,5148010280,26249967940,9868409,71.36978248089359,70.82644628099175,37317194,2382.0,1868.25,2343.05,26043078.95
2024-09-12,2188,-81,-3.57,2239,2371,2136,1084656,2842698610,25312469085,9868409,71.24413145539906,65.79984239558708,36232538,2353.0,1891.1,2336.866666666667,26797312.35
2024-09-13,2115,-73,-3.31,2217,2230,2102,594981,1507773465,24473654320,9868409,65.00932256059664,62.40657698056801,35637557,2252.4,1910.3,2330.6833333333334,27521796.7
2024-09-19,2090,-25,-1.21,2136,2281,2021,804048,2019944245,24177602050,9868409,62.21079691516709,61.03321033210332,34833509,2188.6,1933.65,2319.1833333333334,28217127.1
2024-09-20,2077,-13,-0.61,2124,2158,2004,496133,1210107760,24029575915,9868409,58.77914951989026,60.33724340175953,34337376,2147.8,1955.65,2307.5333333333333,28880874.85
2024-09-23,1949,-128,-6.16,2072,2072,1945,421596,986849745,22549314565,9868409,56.01307189542484,29.874213836477992,33915780,2083.8,1970.95,2290.766666666667,29515967.2
2024-09-24,1945,-4,-0.22,1953,2013,1889,422805,965022380,22499972520,9868409,55.22486772486772,0.0,33492975,2035.2,1991.1,2274.35,30142480.1
2024-09-25,1915,-30,-1.54,1945,1953,1885,352666,790055650,22154578205,9868409,54.29128738621587,0.0,33140309,1995.2,2013.65,2260.9166666666665,30772589.7
2024-09-26,1800,-115,-6.01,1574,1829,1421,3019047,5790809395,20822342990,9868409,50.27355623100304,0.0,30121262,1937.2,2022.05,2249.983333333333,31229871.25
2024-09-27,1642,-158,-8.77,1791,1791,1638,681536,1342970987,18996687325,9868409,45.74763757643135,0.0,29439726,1850.2,2018.65,2233.5,31638980.55
2024-09-30,1609,-33,-2.03,1585,1635,1513,290548,544894019,18611819374,9868409,22.024729520865534,0.0,29149178,1782.2,2008.05,2212.7,32014073.35
2024-10-02,1517,-92,-5.67,1609,1609,1448,320518,578675853,17555899611,9868409,0.0,0.0,28828660,1696.6,1995.65,2189.65,32382463.7
2024-10-04,1559,42,2.75,1518,1748,1518,987249,1870593559,18039451652,9868409,4.496788008565318,6.829268292682926,29815909,1625.4,1984.25,2160.55,32796517.9
2024-10-07,1569,10,0.66,1577,1577,1522,166420,302195497,18157872560,9868409,6.372549019607845,8.496732026143803,29982329,1579.2,1973.55,2133.616666666667,33222260.75
2024-10-08,1577,8,0.49,1577,1774,1573,1053747,2052709076,18246688241,9868409,7.389162561576356,12.195121951219505,31036076,1566.2,1962.85,2107.3,33697694.3
2024-10-10,1632,55,3.52,1591,1659,1591,232373,443940721,18888134826,9868409,14.631043256997444,21.178637200736645,31268449,1570.8,1954.7,2082.616666666667,34177808.55
2024-10-11,1686,54,3.29,1641,1719,1638,365842,721287252,19509844593,9868409,22.033898305084747,29.80599647266314,31634291,1604.6,1922.35,2064.45,34367486.8
2024-10-14,1587,-99,-5.87,1687,1701,1543,379952,708486854,18365109149,9868409,20.09512485136743,30.67150635208712,31254339,1610.2,1870.8,2042.35,33234150.15
2024-10-15,1662,75,4.73,1587,1714,1571,335400,649491848,19233529141,9868409,27.021040974529342,52.136752136752136,31589739,1628.8,1833.45,2022.4333333333334,32614766.85
2024-10-16,1677,15,0.87,1662,1696,1562,115563,224365367,19401292094,9868409,32.78481012658227,57.55555555555556,31705302,1648.8,1803.25,2002.55,32236624.9
2024-10-17,1680,3,0.2,1663,1696,1635,108194,212329422,19440765730,9868409,33.20659062103928,72.57617728531856,31813496,1658.4,1773.8,1980.3,31961440.0
2024-10-18,1706,26,1.52,1680,1736,1610,231311,455605196,19736818000,9868409,36.68789808917197,71.30434782608695,32044807,1662.4,1749.7,1961.4666666666667,31752053.45
2024-10-21,1753,47,2.75,1705,1761,1687,116960,236948384,20279580495,9868409,46.72245467224547,74.08376963350786,32161767,1695.6,1731.6,1948.1166666666666,31578263.95
2024-10-22,1621,-132,-7.49,1791,1876,1568,1075599,2151217079,18759845509,9868409,48.480463096960925,54.34782608695652,31086168,1687.4,1708.15,1931.5666666666666,31390896.9
2024-10-23,1714,93,5.73,1663,1748,1626,290693,577767927,19835502090,9868409,56.99067909454062,57.536764705882355,31376861,1694.8,1690.0,1916.2166666666667,31242871.15
2024-10-24,1706,-8,-0.5,1714,1731,1655,130533,257380230,19736818000,9868409,64.16791604197901,52.00803212851405,31246328,1700.0,1677.85,1899.8,31109398.55
2024-10-25,1698,-8,-0.45,1706,1706,1646,119470,234534843,19648002319,9868409,60.97946287519747,63.63636363636363,31126858,1698.4,1665.5,1882.9,30991092.7
2024-10-28,1703,5,0.3,1684,1723,1670,110944,220589992,19707212773,9868409,60.6687898089172,56.083086053412465,31237802,1688.4,1654.9,1867.15,30895967.35
2024-10-29,1703,0,0.0,1703,1787,1702,166163,338139379,19707212773,9868409,60.16129032258065,54.03726708074534,31237802,1704.8,1650.05,1854.7333333333333,30951794.35
2024-10-30,1650,-53,-3.1,1710,1719,1603,129483,253677782,19095371415,9868409,51.456310679611654,45.96774193548387,31108319,1692.0,1650.45,1843.7833333333333,31035224.0
2024-10-31,1686,36,2.17,1650,1686,1623,111233,215498203,19509844593,9868409,50.0,47.382198952879584,31219552,1688.0,1654.3,1829.45,31138742.7
2024-11-01,1671,-15,-0.91,1686,1697,1632,88892,173892788,19332213231,9868409,58.13953488372093,38.28571428571428,31130660,1682.6,1662.0,1814.7333333333333,31253842.7
2024-11-04,1705,34,2.04,1662,1719,1638,155512,306898050,19726949591,9868409,54.526315789473685,66.66666666666666,31286172,1683.0,1669.3,1800.9333333333334,31327355.85
2024-11-05,1706,1,0.05,1705,1740,1678,179963,359947377,19736818000,9868409,53.14533622559654,47.5,31466135,1683.6,1676.15,1788.85,31401546.15
2024-11-06,1677,-29,-1.7,1740,1740,1646,125346,248041262,19401292094,9868409,49.69199178644764,41.988950276243095,31340789,1689.0,1681.15,1786.95,31416781.8
2024-11-07,1703,26,1.58,1677,1719,1628,204775,404074550,19707212773,9868409,49.69199178644764,51.256281407035175,31545564,1692.4,1684.7,1783.7833333333333,31430637.55
2024-11-08,1629,-74,-4.36,1808,1855,1585,2276483,4601832535,18848661190,9868409,37.937743190661486,36.194029850746276,29269081,1684.0,1681.85,1780.8,31312377.05
2024-11-11,1455,-174,-10.68,1467,1638,1429,707845,1252591483,16835505754,9868409,35.07194244604317,21.945701357466064,28561236,1634.0,1675.25,1776.2666666666667,31177721.9
2024-11-12,1891,436,29.97,1537,1891,1537,4856347,8931620587,18661161419,9868409,59.84427141268076,64.60606060606061,33417583,1671.0,1686.7,1778.5666666666666,31269114.1
2024-11-13,1590,-301,-15.92,1882,1882,1523,1357508,2321931005,15690770310,9868409,45.13422818791946,45.59633027522936,32060075,1653.6,1682.35,1775.2166666666667,31286852.75
2024-11-14,1570,-20,-1.26,1620,1637,1521,321409,503409472,15493402130,9868409,44.6843853820598,45.38812785388128,31738666,1627.0,1676.85,1772.9666666666667,31283111.25
2024-11-15,1614,44,2.8,1601,1636,1510,250038,392987803,15927612126,9868409,46.41995172968624,45.88235294117648,31988704,1624.0,1672.25,1771.0166666666667,31280306.1
2024-11-18,1638,24,1.49,1612,1638,1567,165163,266931170,16164453942,9868409,47.43488555643252,46.98581560283688,32153867,1660.6,1666.5,1769.4666666666667,31279911.1
2024-11-19,1520,-118,-7.2,1638,1660,1511,169820,267537022,14999981680,9868409,45.12012012012012,43.549712407559575,31984047,1586.4,1661.45,1767.75,31324805.05
2024-11-20,1596,76,5.0,1521,1630,1521,96565,152938809,15749980764,9868409,46.7201166180758,45.7774269928966,32080612,1587.6,1655.55,1767.0666666666666,31359992.6
2024-11-21,1596,0,0.0,1600,1660,1530,171244,272281389,15749980764,9868409,47.236551215917466,48.61693210393965,32080612,1592.8,1650.05,1766.2833333333333,31401706.8
2024-11-22,1594,-2,-0.13,1596,1618,1560,195119,310875328,15730243946,9868409,45.81132075471699,56.807051909892266,31885493,1588.8,1644.85,1767.15,31439638.55
2024-11-25,1585,-9,-0.56,1594,1629,1571,157781,251555429,15641428265,9868409,45.46136534133533,24.24242424242425,31727712,1578.2,1638.95,1769.1666666666667,31464134.05
2024-11-26,1585,0,0.0,1625,1625,1533,179472,281223372,15641428265,9868409,46.47239263803681,49.14675767918089,31727712,1591.2,1633.05,1768.3833333333334,31488629.55
2024-11-27,1592,7,0.44,1585,1598,1552,104773,165486454,15710507128,9868409,45.68093385214008,53.92857142857144,31832485,1590.4,1630.15,1766.4166666666667,31524837.85
2024-11-28,1592,0,0.0,1592,1634,1577,179131,287285524,15710507128,9868409,48.47233691164327,45.33898305084746,31832485,1589.6,1625.45,1762.6,31555484.5
2024-11-29,1603,11,0.69,1594,1607,1550,90743,143345261,15819059627,9868409,57.06106870229007,42.152466367713004,31923228,1591.4,1622.05,1759.9,31595112.9
2024-12-02,1590,-13,-0.81,1615,1624,1570,248710,397204716,15690770310,9868409,25.92,79.66101694915254,31674518,1592.4,1616.3,1756.6166666666666,31614530.2
2024-12-03,1616,26,1.64,1592,1690,1592,297565,484654906,15947348944,9868409,53.71428571428571,64.70588235294119,31972083,1598.6,1611.8,1753.8333333333333,31639827.6
2024-12-04,1596,-20,-1.24,1542,1640,1541,125366,198488959,15749980764,9868409,53.71428571428571,50.0,31846717,1599.4,1607.75,1750.5833333333333,31665124.0
2024-12-05,1624,28,1.75,1690,1704,1534,314401,508187666,16026296216,9868409,51.49700598802396,63.15789473684211,32161118,1605.8,1603.8,1747.7333333333333,31695901.7
2024-12-06,1679,55,3.39,1609,1686,1576,407058,664565993,16569058711,9868409,55.61643835616438,79.375,32568176,1621.0,1606.3,1736.8333333333333,31860856.45
2024-12-09,1750,71,4.23,1640,1800,1616,453511,782068795,17269715750,9868409,86.16352201257862,85.71428571428571,33021687,1653.0,1621.05,1722.3666666666666,32083879.0
2024-12-10,1866,116,6.63,1758,1870,1650,516497,928671726,18414451194,9868409,87.70949720670392,90.29411764705883,33538184,1703.0,1619.8,1713.3166666666666,32089909.05
2024-12-11,1854,-12,-0.64,1950,1977,1830,1076591,2051786197,18296030286,9868409,84.86486486486487,87.2159090909091,32461593,1754.6,1633.0,1706.2,32109984.95
2024-12-12,1895,41,2.21,1870,1945,1852,251261,474488417,18700635055,9868409,86.79706601466992,88.21989528795811,32712854,1808.8,1649.25,1699.9666666666667,32158694.35
2024-12-13,1833,-62,-3.27,1890,1895,1724,179061,323796912,18088793697,9868409,76.83982683982684,78.19025522041764,32533793,1839.6,1660.2,1694.05,32185948.8
2024-12-16,1833,0,0.0,1833,1871,1815,315867,580115570,18088793697,9868409,76.83982683982684,76.79012345679013,32533793,1856.2,1669.95,1689.35,32204945.1
2024-12-17,1710,-123,-6.71,1816,1816,1699,252506,438618322,16874979390,9868409,60.207612456747405,61.22047244094488,32281287,1825.0,1679.45,1683.0166666666667,32219807.1
2024-12-18,2220,510,29.82,1739,2220,1725,4747521,9933991011,21907867980,9868409,78.86029411764706,80.1010101010101,37028808,1898.2,1710.65,1685.4,32467216.9
2024-12-19,2885,665,29.95,2525,2885,2520,3553850,9919652675,28470359965,9868409,86.79678530424799,87.6875,40582658,2096.2,1775.1,1701.0,32892319.2
2024-12-20,3050,165,5.72,3030,3680,2800,19258482,63466948955,30098647450,9868409,88.5427666314678,88.37072018890201,59841140,2339.6,1847.9,1719.4166666666667,34290101.55
2024-12-23,3200,150,4.92,3345,3900,3200,11100640,39161239350,31578908800,9868409,89.24677898909812,88.59953703703704,70941780,2613.0,1928.65,1740.8333333333333,36250804.95
2024-12-24,2920,-280,-8.75,3185,3280,2875,3530221,10808745655,28815754280,9868409,79.06057945566286,76.70340681362725,67411559,2855.0,1995.4,1759.5,38034997.3
2024-12-26,3285,365,12.5,2980,3560,2770,8213591,26859312500,32417723565,9868409,81.75908221797323,79.95689655172414,75625150,3068.0,2080.05,1786.8833333333334,40224630.55
2024-12-27,4270,985,29.98,4190,4270,4110,2277506,9688809955,42138106430,9868409,86.5444287729196,87.5732346592661,77902656,3345.0,2213.95,1831.2333333333333,42528139.1
2024-12-30,4270,0,0.0,0,0,0,0,0,42138106430,9868409,86.26943005181347,87.5732346592661,77902656,3589.0,2347.3,1877.1166666666666,44827110.5
2025-01-02,5550,1280,29.98,4605,5550,4400,11712790,60919042120,54769669950,9868409,89.71539456662354,93.63636363636364,89615446,4059.0,2545.3,1943.6333333333334,47724156.9
2025-01-03,7210,1660,29.91,6420,7210,6110,4584623,31321369370,71151228890,9868409,92.60260897231944,94.95495495495496,94200069,4917.0,2825.0,2037.65,50835556.2
2025-01-06,7210,0,0.0,0,0,0,0,0,71151228890,9868409,92.55404323458767,94.26816786079836,94200069,5702.0,3105.7,2131.5333333333333,53953223.8
2025-01-07,9370,2160,29.96,8860,9370,8140,14391020,127404752670,92466992330,9868409,95.16960326021814,95.93023255813954,108591089,6722.0,3493.0,2260.5,57774722.35
2025-01-08,9010,-360,-3.84,8900,11670,8650,29333803,297849168140,88914365090,9868409,91.23290819257727,90.97320169252468,79257286,7670.0,3859.55,2382.5666666666666,60109177.85
2025-01-09,8060,-950,-10.54,8250,9660,7420,25791538,220355468650,79539376540,9868409,83.31584470094438,83.11855670103093,53465748,8172.0,4175.05,2490.45,61131380.9
2025-01-10,7850,-210,-2.61,8550,9200,7700,9937042,84000463430,77467010650,9868409,80.49837486457204,80.01314924391848,43528706,8300.0,4474.25,2593.5833333333335,61630907.0
2025-01-13,6370,-1480,-18.85,7460,7700,6370,7699244,53917457880,62861765330,9868409,67.34693877551021,62.96296296296296,35829462,8132.0,4700.05,2671.8,61799300.45
2025-01-14,4460,-1910,-29.98,4500,5140,4460,23137981,108581041450,44013104140,9868409,55.97964376590331,50.94905094905094,12691481,7150.0,4828.3,2718.133333333333,60798231.8
2025-01-15,5790,1330,29.82,4790,5790,4700,39266503,203613730080,57138088110,9868409,59.98457979953739,51.19284294234592,51957984,6506.0,5026.15,2786.2,61769441.35
2025-01-16,7090,1300,22.45,6800,7470,6580,33901219,238866449050,139934039620,19736818,64.90350250178699,49.381443298969074,85859203,6312.0,5289.0,2875.15,64435711.85
2025-01-17,7020,-70,-0.99,7260,7900,6700,24980991,182616181870,138552462360,19736818,63.63636363636363,49.02763561924258,60878212,6146.0,5554.5,2965.133333333333,65865558.1
2025-01-20,7140,120,1.71,6700,7410,6320,12749575,89375732440,140920880520,19736818,61.184723304754485,35.57567917205692,73627787,6300.0,5800.5,3055.5666666666666,67695507.05
2025-01-21,6850,-290,-4.06,7250,7500,6660,7935926,55913168460,135197203300,19736818,59.83231707317073,35.90078328981724,65691861,6778.0,5998.75,3141.3,68950967.2
2025-01-22,7230,380,5.55,8030,8190,7100,17217598,130394495890,142697194140,19736818,56.87397708674305,44.14668547249647,82909459,7066.0,6207.75,3233.5,70104383.15
2025-01-23,6860,-370,-5.12,6930,7200,6820,5580812,38866973280,135394571480,19736818,48.39890210430009,43.172413793103445,77328647,7020.0,6390.75,3319.45,70423726.5
2025-01-24,6400,-460,-6.71,6630,6780,6120,6561625,42288087590,126315635200,19736818,46.44424934152765,50.24077046548957,70767022,6896.0,6564.75,3397.733333333333,70591499.65
2025-01-31,6550,150,2.34,6650,7010,6470,6886988,46311858310,129276157900,19736818,34.9680170575693,73.37807606263982,77654010,6778.0,6728.0,3479.4,70692942.65
2025-02-03,6020,-530,-8.09,6550,6730,5970,4635359,28693823750,118815644360,19736818,34.3455497382199,53.13351498637602,73018651,6612.0,6815.5,3551.633333333333,70448742.4
2025-02-04,6660,640,10.63,6390,7420,6180,17902407,123305348890,131447207880,19736818,42.42424242424243,42.857142857142854,90921058,6498.0,6935.0,3634.7833333333333,71099662.5
2025-02-05,6680,20,0.3,6700,6850,6410,5223319,34750827050,131841944240,19736818,43.53591160220995,44.25675675675676,96144377,6462.0,6991.5,3717.7,71426109.05
2025-02-06,6610,-70,-1.05,6750,6870,6510,3877207,25904026370,130460366980,19736818,51.57068062827226,40.893470790378004,92267170,6504.0,6961.5,3799.4333333333334,71329464.1
2025-02-07,6310,-300,-4.54,6410,6570,6250,2943482,18808411860,124539321580,19736818,65.33996683250415,40.75342465753425,89323688,6456.0,6916.5,3876.65,71085645.05
2025-02-10,6110,-200,-3.17,6050,6190,5780,3862791,23293764380,120591957980,19736818,53.265306122448976,29.56204379562044,85460897,6474.0,6753.5,3950.1,69929135.45
2025-02-11,6160,50,0.82,6500,6550,6110,3111533,19613678910,121578798880,19736818,37.26027397260274,35.537190082644614,88572430,6374.0,6611.0,4025.616666666667,70394892.65
2025-02-12,5870,-290,-4.71,5850,6120,5700,1968520,11589122960,115855121660,19736818,35.14211886304909,38.22222222222222,86603910,6212.0,6501.5,4099.2,72051800.75
2025-02-13,5880,10,0.17,6160,6170,5870,2037088,12139744700,116052489840,19736818,33.24468085106383,34.12322274881517,88640998,6066.0,6403.0,4165.683333333333,74307415.35
2025-02-14,5650,-230,-3.91,5890,5910,5610,1675695,9572071660,111513021700,19736818,33.783783783783775,39.77900552486188,86965303,5934.0,6367.0,4233.35,76864207.4
2025-02-17,5770,120,2.12,5450,5780,5420,1790004,10080636350,113881439860,19736818,28.779069767441854,15.503875968992247,88755307,5866.0,6432.5,4303.35,80667398.7
2025-02-18,5580,-190,-3.29,5750,5750,5530,1283207,7174445230,110131444440,19736818,30.368098159509202,12.328767123287676,87472100,5750.0,6422.0,4369.45,82443104.5
2025-02-19,5340,-240,-4.3,5430,5450,5270,2390633,12749571190,105394608120,19736818,32.565789473684205,11.042944785276077,85081467,5644.0,6334.5,4431.15,82404217.7
2025-02-20,5620,280,5.24,5870,6390,5510,10136677,60249983710,110920917160,19736818,35.33123028391168,28.57142857142857,95218144,5592.0,6264.5,4499.483333333334,84121214.3
2025-02-21,5720,100,1.78,5950,6040,5650,3360988,19452306820,112894598960,19736818,44.52554744525547,37.08609271523179,98579132,5606.0,6193.5,4568.216666666666,85368781.55
2025-02-24,5430,-290,-5.07,5500,5540,5380,1470483,8004152990,107170921740,19736818,24.26778242677824,29.142857142857153,97108649,5538.0,6122.5,4632.116666666667,86939620.95
2025-02-25,5610,180,3.31,5250,5960,5210,4207151,23846374840,110723548980,19736818,29.01960784313725,42.07317073170732,101315800,5544.0,6041.5,4699.05,87859938.0
2025-02-26,5640,30,0.53,5510,5770,5360,1959625,10990512910,111315653520,19736818,30.677290836653384,42.7710843373494,103275425,5604.0,5980.5,4766.633333333333,89157276.9
2025-02-27,5500,-140,-2.48,5590,5680,5450,1209854,6698692980,108552499000,19736818,32.765957446808514,45.22292993630573,102065571,5580.0,5935.5,4831.883333333333,90722204.35
2025-02-28,5240,-260,-4.73,5280,5460,5230,1150618,6124228880,103420926320,19736818,31.95020746887967,34.50292397660819,100914953,5484.0,5870.0,4892.683333333333,91885251.5
2025-03-04,5180,-60,-1.15,5040,5360,4975,1151326,5918677690,102236717240,19736818,29.752066115702476,37.34177215189874,99763627,5434.0,5828.0,4952.483333333334,93222500.3
2025-03-05,5330,150,2.9,5250,5650,5220,2787355,15128823955,105197239940,19736818,38.15789473684211,49.664429530201346,102550982,5378.0,5761.5,5014.6,93803996.5
2025-03-06,5110,-220,-4.13,5390,5400,5100,1089280,5654251585,100855139980,19736818,34.53815261044177,32.167832167832174,101461702,5272.0,5683.0,5073.266666666666,94069862.75
2025-03-07,5060,-50,-0.98,5010,5350,4855,2205686,11177013751,99868299080,19736818,37.22943722943723,26.08695652173914,99256016,5184.0,5605.5,5130.666666666667,94419305.05
2025-03-10,4960,-100,-1.98,4900,5110,4900,665370,3314442788,97894617280,19736818,32.31441048034935,30.25210084033614,98590646,5128.0,5538.0,5186.733333333334,94882652.95
2025-03-11,4825,-135,-2.72,4660,4860,4640,782848,3708341892,95230146850,19736818,33.10961968680088,15.720524017467255,97807798,5057.0,5473.75,5240.083333333333,95499998.0
2025-03-12,4920,95,1.97,4860,5200,4780,2219830,11031581121,97105144560,19736818,39.95215311004785,20.247933884297524,100027628,4975.0,5411.75,5294.1,96072757.9
2025-03-13,6390,1470,29.88,5250,6390,5190,26410775,162014876240,126118267020,19736818,61.737804878048784,67.51968503937007,126438403,5231.0,5437.75,5371.433333333333,98064482.55
2025-03-14,6270,-120,-1.88,6470,6480,5940,13488750,83548568765,123749848860,19736818,58.33333333333334,71.45833333333333,112949653,5473.0,5457.25,5444.833333333333,99279915.3
2025-03-17,6600,330,5.26,6870,7270,6520,17382392,119087919550,130262998800,19736818,67.51497005988024,76.59176029962546,130332045,5801.0,5504.75,5523.933333333333,101448252.4
2025-03-18,6400,-200,-3.03,6950,6960,6370,6755419,44923993115,126315635200,19736818,61.75595238095238,69.66911764705883,123576626,6116.0,5536.25,5599.016666666666,103189318.35
2025-03-19,7080,680,10.63,6180,7250,6100,21739731,149138305565,139736671440,19736818,67.95511221945137,80.9748427672956,145316357,6548.0,5611.25,5686.466666666666,106081531.2
2025-03-20,6450,-630,-8.9,6800,6810,6330,6352553,41807005240,127302476100,19736818,60.55555555555556,68.48404255319149,138963804,6560.0,5666.75,5763.416666666667,108775648.05
2025-03-21,6180,-270,-4.19,6000,6490,5900,3795430,23602240385,121973535240,19736818,60.42128603104213,65.52162849872774,135168374,6542.0,5694.75,5837.916666666667,110773159.55
2025-03-24,6050,-130,-2.1,6180,6350,5960,2062372,12678205050,119407748900,19736818,59.49781659388646,65.60509554140128,133106002,6432.0,5711.25,5901.75,112499503.05
2025-03-25,5950,-100,-1.65,6490,6500,5920,3467915,21531611470,117434067100,19736818,56.843267108167765,63.104325699745544,129638087,6342.0,5737.25,5952.833333333333,114125974.95
2025-03-26,5800,-150,-2.52,5900,6110,5800,2192366,13051643020,114473544400,19736818,57.7354260089686,38.69731800766284,127445721,6086.0,5746.75,5998.666666666667,115432471.0
2025-03-27,5770,-30,-0.52,5800,5880,5650,1632385,9392591765,113881439860,19736818,57.99549549549549,40.07936507936508,125813336,5950.0,5753.25,6041.5,116559366.55
2025-03-28,5540,-230,-3.99,5850,5930,5470,1395585,7791246865,109341971720,19736818,56.345733041575485,28.099173553719012,124417751,5822.0,5755.25,6085.166666666667,117676975.55
2025-03-31,5190,-350,-6.32,5330,5380,5120,1313404,6897764640,102434085420,19736818,53.814002089864154,26.4591439688716,123104347,5650.0,5752.75,6116.916666666667,118786445.25
2025-04-01,5280,90,1.73,5310,5330,5160,1124245,5924992160,104210399040,19736818,53.76569037656905,4.545454545454547,124228592,5516.0,5757.75,6133.75,120009693.5
2025-04-02,5010,-270,-5.11,5320,5400,4965,1852992,9576970574,98881458180,19736818,30.72625698324022,5.555555555555557,122375600,5358.0,5741.75,6146.083333333333,121000924.4
2025-04-03,5060,50,1.0,4760,5130,4755,1068392,5355037993,99868299080,19736818,32.76353276353275,10.0,123443992,5216.0,5739.25,6137.916666666667,122100038.9
2025-04-04,5030,-30,-0.59,4920,5100,4820,1212026,5968269154,99276194540,19736818,25.54517133956385,10.76923076923076,122231966,5114.0,5737.75,6101.583333333333,123248836.4
2025-04-07,4580,-450,-8.95,4805,4840,4520,1012250,4681760032,90394626440,19736818,23.69942196531791,8.484848484848484,121219716,4992.0,5718.75,6057.75,124380289.9
2025-04-08,4500,-80,-1.75,4920,4990,4475,1408790,6595695937,88815681000,19736818,4.895104895104893,8.860759493670898,119810926,4836.0,5702.5,5976.583333333333,125480446.3
2025-04-09,4540,40,0.89,4450,4605,4395,951384,4331103802,89605153720,19736818,7.929515418502206,11.320754716981128,120762310,4742.0,5683.5,5902.083333333333,126517180.4
2025-04-10,4680,140,3.08,5030,5030,4650,1548532,7442019024,92368308240,19736818,14.953271028037392,21.33333333333333,122310842,4666.0,5598.0,5845.75,126310802.35
2025-04-11,4930,250,5.34,4680,4930,4590,1182762,5633310331,97302512740,19736818,25.22123893805309,40.714285714285715,123493604,4646.0,5531.0,5797.083333333333,126837999.9
2025-04-14,5040,110,2.23,4940,5080,4835,1198783,5983384273,99473562720,19736818,29.95594713656388,41.54929577464789,124692387,4738.0,5453.0,5774.916666666667,126556017.0
2025-04-15,5140,100,1.98,4950,5370,4920,2284550,11820406674,101447244520,19736818,35.13513513513513,55.2,126976937,4866.0,5390.0,5786.25,126726032.55
2025-04-16,4965,-175,-3.4,5100,5130,4950,726436,3652058286,97993301370,19736818,32.98097251585624,46.54545454545455,126250501,4951.0,5284.25,5772.5,125772739.75
2025-04-17,5200,235,4.73,4965,5340,4850,1916696,9911911218,102631453600,19736818,42.827004219409275,55.37974683544304,128167197,5055.0,5221.75,5741.0,125232909.4
2025-04-18,5040,-160,-3.08,5590,5600,4950,2674219,14010615755,99473562720,19736818,46.559633027522935,67.8294573643411,125492978,5077.0,5164.75,5708.0,124749139.6
2025-04-21,4940,-100,-1.98,5090,5090,4930,680138,3378201243,97499880920,19736818,42.23744292237443,66.79389312977099,124812840,5057.0,5109.25,5671.333333333333,124334481.5
2025-04-22,4885,-55,-1.11,4850,4960,4820,593621,2895738994,96414355930,19736818,46.835443037974684,63.0188679245283,124219219,5006.0,5056.0,5638.583333333333,124063538.1
2025-04-23,4980,95,1.94,4995,5010,4915,594552,2945041087,98289353640,19736818,48.01980198019802,61.71875,124813771,5009.0,5015.0,5601.083333333333,123931940.6
2025-04-24,4915,-65,-1.31,5010,5130,4915,1082233,5424044630,97006460470,19736818,47.201946472019465,49.31506849315068,123731538,4952.0,4972.25,5568.666666666667,123827850.7
2025-04-25,4900,-15,-0.31,4950,4980,4850,472980,2322559741,96710408200,19736818,59.876543209876544,43.00000000000001,123258558,4924.0,4940.25,5543.666666666667,123769891.05
2025-04-28,4800,-100,-2.04,5010,5180,4785,1191179,5939826671,94736726400,19736818,59.146341463414636,33.0,122067379,4896.0,4920.75,5514.5,123718042.65
2025-04-29,4830,30,0.63,4895,4995,4700,415359,2007632385,95328830940,19736818,58.895705521472394,42.10526315789474,122482738,4885.0,4898.25,5494.666666666667,123630749.95
